-- phpMyAdmin SQL Dump
-- version 4.5.1
-- http://www.phpmyadmin.net
--
-- Host: 127.0.0.1
-- Generation Time: 2017-09-06 15:24:23
-- 服务器版本： 10.1.19-MariaDB
-- PHP Version: 5.6.28

SET SQL_MODE = "NO_AUTO_VALUE_ON_ZERO";
SET time_zone = "+00:00";


/*!40101 SET @OLD_CHARACTER_SET_CLIENT=@@CHARACTER_SET_CLIENT */;
/*!40101 SET @OLD_CHARACTER_SET_RESULTS=@@CHARACTER_SET_RESULTS */;
/*!40101 SET @OLD_COLLATION_CONNECTION=@@COLLATION_CONNECTION */;
/*!40101 SET NAMES utf8mb4 */;

--
-- Database: `cloud`
--

-- --------------------------------------------------------

--
-- 表的结构 `cloud_article`
--

CREATE TABLE `cloud_article` (
  `aid` int(11) NOT NULL,
  `sid` int(11) NOT NULL COMMENT '分类id',
  `title` varchar(255) NOT NULL COMMENT '标题',
  `seotitle` varchar(255) DEFAULT NULL COMMENT 'SEO标题',
  `keywords` varchar(255) NOT NULL COMMENT '关键词',
  `description` varchar(255) NOT NULL COMMENT '摘要',
  `thumbnail` varchar(255) NOT NULL COMMENT '缩略图',
  `content` text NOT NULL COMMENT '内容',
  `t` int(10) UNSIGNED NOT NULL COMMENT '时间',
  `n` int(10) UNSIGNED NOT NULL DEFAULT '0' COMMENT '点击'
) ENGINE=MyISAM DEFAULT CHARSET=utf8;

-- --------------------------------------------------------

--
-- 表的结构 `cloud_auth_group`
--

CREATE TABLE `cloud_auth_group` (
  `id` mediumint(8) UNSIGNED NOT NULL,
  `title` char(100) NOT NULL DEFAULT '',
  `status` tinyint(1) NOT NULL DEFAULT '1',
  `rules` varchar(255) NOT NULL DEFAULT ''
) ENGINE=MyISAM DEFAULT CHARSET=utf8;

--
-- 转存表中的数据 `cloud_auth_group`
--

INSERT INTO `cloud_auth_group` (`id`, `title`, `status`, `rules`) VALUES
(1, '超级管理员', 1, '1,2,58,65,59,60,61,62,3,56,4,6,5,7,8,9,10,51,52,53,57,11,54,12,13,14,15,16,17,18,19,20,21,22,23,24,25,26,27,29,30,31,32,33,34,36,37,38,39,40,41,42,43,44,45,46,47,63,48,49,50,55'),
(9, '餐厅管理员', 1, '0'),
(8, '连锁机构管理员', 1, '1,97,98,99,66,73,74,67,80,78,72,81,79,84,92,93,94,91,90,13,15,16,20,21,48,49,50,55');

-- --------------------------------------------------------

--
-- 表的结构 `cloud_auth_group_access`
--

CREATE TABLE `cloud_auth_group_access` (
  `uid` mediumint(8) UNSIGNED NOT NULL,
  `group_id` mediumint(8) UNSIGNED NOT NULL
) ENGINE=MyISAM DEFAULT CHARSET=utf8;

--
-- 转存表中的数据 `cloud_auth_group_access`
--

INSERT INTO `cloud_auth_group_access` (`uid`, `group_id`) VALUES
(1, 1),
(2, 1),
(4, 8),
(6, 8),
(7, 8);

-- --------------------------------------------------------

--
-- 表的结构 `cloud_auth_rule`
--

CREATE TABLE `cloud_auth_rule` (
  `id` int(11) NOT NULL,
  `pid` int(11) NOT NULL,
  `name` char(80) NOT NULL DEFAULT '',
  `title` char(20) NOT NULL DEFAULT '',
  `icon` varchar(255) NOT NULL,
  `type` tinyint(1) NOT NULL DEFAULT '1',
  `status` tinyint(1) NOT NULL DEFAULT '1',
  `condition` char(100) NOT NULL DEFAULT '',
  `islink` tinyint(1) NOT NULL DEFAULT '1',
  `o` int(11) NOT NULL COMMENT '排序',
  `tips` text NOT NULL
) ENGINE=MyISAM DEFAULT CHARSET=utf8;

--
-- 转存表中的数据 `cloud_auth_rule`
--

INSERT INTO `cloud_auth_rule` (`id`, `pid`, `name`, `title`, `icon`, `type`, `status`, `condition`, `islink`, `o`, `tips`) VALUES
(1, 0, 'Index/index', '控制台', 'menu-icon fa fa-tachometer', 1, 1, '', 1, 1, '备注~这里做成大数据展示页面：1->超级管理员->展示所有机构信息。2->机构管理员->展示该连锁机构的信息。3->餐厅端->展示餐厅信息。'),
(2, 0, '', '系统设置', 'menu-icon fa fa-cog', 1, 1, '', 1, 2, ''),
(3, 2, 'Setting/setting', '网站设置', 'menu-icon fa fa-caret-right', 1, 1, '', 1, 3, '这是网站设置的提示。'),
(4, 2, 'Menu/index', '后台菜单', 'menu-icon fa fa-caret-right', 1, 1, '', 1, 4, ''),
(5, 2, 'Menu/add', '新增菜单', 'menu-icon fa fa-caret-right', 1, 1, '', 1, 5, ''),
(6, 4, 'Menu/edit', '编辑菜单', '', 1, 1, '', 0, 6, ''),
(7, 2, 'Menu/update', '保存菜单', 'menu-icon fa fa-caret-right', 1, 1, '', 0, 7, ''),
(8, 2, 'Menu/del', '删除菜单', 'menu-icon fa fa-caret-right', 1, 1, '', 0, 8, ''),
(9, 2, 'Database/backup', '数据库备份', 'menu-icon fa fa-caret-right', 1, 1, '', 1, 9, ''),
(10, 9, 'Database/recovery', '数据库还原', '', 1, 1, '', 0, 10, ''),
(11, 2, 'Update/update', '在线升级', 'menu-icon fa fa-caret-right', 1, 1, '', 1, 11, ''),
(12, 2, 'Update/devlog', '开发日志', 'menu-icon fa fa-caret-right', 1, 1, '', 1, 12, ''),
(13, 0, '', '用户及组', 'menu-icon fa fa-users', 1, 1, '', 1, 13, ''),
(14, 13, 'Member/index', '用户管理', 'menu-icon fa fa-caret-right', 1, 1, '', 1, 14, ''),
(15, 13, 'Member/add', '新增用户', 'menu-icon fa fa-caret-right', 1, 1, '', 1, 15, ''),
(16, 13, 'Member/edit', '编辑用户', 'menu-icon fa fa-caret-right', 1, 1, '', 0, 16, ''),
(17, 13, 'Member/update', '保存用户', 'menu-icon fa fa-caret-right', 1, 1, '', 0, 17, ''),
(18, 13, 'Member/del', '删除用户', '', 1, 1, '', 0, 18, ''),
(19, 13, 'Group/index', '用户组管理', 'menu-icon fa fa-caret-right', 1, 1, '', 1, 19, ''),
(20, 13, 'Group/add', '新增用户组', 'menu-icon fa fa-caret-right', 1, 1, '', 1, 20, ''),
(21, 13, 'Group/edit', '编辑用户组', 'menu-icon fa fa-caret-right', 1, 1, '', 0, 21, ''),
(22, 13, 'Group/update', '保存用户组', 'menu-icon fa fa-caret-right', 1, 1, '', 0, 22, ''),
(23, 13, 'Group/del', '删除用户组', '', 1, 1, '', 0, 23, ''),
(91, 84, 'Hotel/delHotel', '删除连锁', '', 1, 1, '', 0, 0, ''),
(25, 24, 'Article/index', '文章管理', 'menu-icon fa fa-caret-right', 1, 1, '', 1, 25, '网站虽然重要，身体更重要，出去走走吧。'),
(26, 24, 'Article/add', '新增文章', 'menu-icon fa fa-caret-right', 1, 1, '', 1, 26, ''),
(27, 24, 'Article/edit', '编辑文章', 'menu-icon fa fa-caret-right', 1, 1, '', 0, 27, ''),
(29, 24, 'Article/update', '保存文章', 'menu-icon fa fa-caret-right', 1, 1, '', 0, 29, ''),
(30, 24, 'Article/del', '删除文章', '', 1, 1, '', 0, 30, ''),
(31, 24, 'Category/index', '分类管理', 'menu-icon fa fa-caret-right', 1, 1, '', 1, 31, ''),
(32, 24, 'Category/add', '新增分类', 'menu-icon fa fa-caret-right', 1, 1, '', 1, 32, ''),
(33, 24, 'Category/edit', '编辑分类', 'menu-icon fa fa-caret-right', 1, 1, '', 0, 33, ''),
(34, 24, 'Category/update', '保存分类', 'menu-icon fa fa-caret-right', 1, 1, '', 0, 34, ''),
(36, 24, 'Category/del', '删除分类', '', 1, 1, '', 0, 36, ''),
(90, 84, 'Hotel/addHotel', '新增连锁', '', 1, 1, '', 0, 0, ''),
(38, 37, 'Link/index', '友情链接', 'menu-icon fa fa-caret-right', 1, 1, '', 1, 38, ''),
(39, 37, 'Link/add', '增加链接', '', 1, 1, '', 1, 39, ''),
(40, 37, 'Link/edit', '编辑链接', '', 1, 1, '', 0, 40, ''),
(41, 37, 'Link/update', '保存链接', '', 1, 1, '', 0, 41, ''),
(42, 37, 'Link/del', '删除链接', '', 1, 1, '', 0, 42, ''),
(43, 37, 'Flash/index', '焦点图', 'menu-icon fa fa-desktop', 1, 1, '', 1, 43, ''),
(44, 37, 'Flash/add', '新增焦点图', '', 1, 1, '', 1, 44, ''),
(45, 37, 'Flash/update', '保存焦点图', '', 1, 1, '', 0, 45, ''),
(46, 37, 'Flash/edit', '编辑焦点图', '', 1, 1, '', 0, 46, ''),
(47, 37, 'Flash/del', '删除焦点图', '', 1, 1, '', 0, 47, ''),
(48, 0, 'Personal/index', '个人中心', 'menu-icon fa fa-user', 1, 1, '', 0, 48, ''),
(49, 48, 'Personal/profile', '个人资料', 'menu-icon fa fa-user', 1, 1, '', 1, 49, ''),
(50, 48, 'Logout/index', '退出', '', 1, 1, '', 1, 50, ''),
(51, 9, 'Database/export', '备份', '', 1, 1, '', 0, 51, ''),
(52, 9, 'Database/optimize', '数据优化', '', 1, 1, '', 0, 52, ''),
(53, 9, 'Database/repair', '修复表', '', 1, 1, '', 0, 53, ''),
(54, 11, 'Update/updating', '升级安装', '', 1, 1, '', 0, 54, ''),
(55, 48, 'Personal/update', '资料保存', '', 1, 1, '', 0, 55, ''),
(56, 3, 'Setting/update', '设置保存', '', 1, 1, '', 0, 56, ''),
(57, 9, 'Database/del', '备份删除', '', 1, 1, '', 0, 57, ''),
(58, 2, 'variable/index', '自定义变量', '', 1, 1, '', 1, 0, ''),
(59, 58, 'variable/add', '新增变量', '', 1, 1, '', 0, 0, ''),
(60, 58, 'variable/edit', '编辑变量', '', 1, 1, '', 0, 0, ''),
(61, 58, 'variable/update', '保存变量', '', 1, 1, '', 0, 0, ''),
(62, 58, 'variable/del', '删除变量', '', 1, 1, '', 0, 0, ''),
(63, 37, 'Facebook/add', '用户反馈', '', 1, 1, '', 1, 63, ''),
(66, 0, 'Cook/index', '菜品管理', 'menu-icon fa fa-cutlery', 1, 1, '', 1, 3, ''),
(67, 66, 'Cook/index', '菜系管理', '', 1, 1, '', 1, 0, ''),
(68, 0, 'Org/index', '机构管理', 'menu-icon fa fa-sitemap', 1, 1, '', 1, 2, ''),
(69, 68, 'Org/index', '机构管理', '', 1, 1, '', 1, 0, ''),
(70, 69, 'Org/add', '新增机构', '', 1, 1, '', 1, 0, ''),
(72, 66, 'Cook/add', '新增菜系', '', 1, 1, '', 0, 0, ''),
(73, 66, 'Cook/edit', '修改菜系', '', 1, 1, '', 0, 0, ''),
(74, 66, 'Cook/addMenu', '新增菜谱', '', 1, 1, '', 0, 0, ''),
(79, 66, 'Cook/delMenu', '删除菜谱', '', 1, 1, '', 0, 0, ''),
(78, 66, 'Cook/editMenu', '修改菜谱', '', 1, 1, '', 0, 0, ''),
(80, 66, 'Cook/delStyle', '删除菜系', '', 1, 1, '', 0, 0, ''),
(81, 66, 'Cook/menuList', '菜谱列表', '', 1, 1, '', 1, 0, ''),
(84, 0, 'Hotel/index', '餐厅管理', 'menu-icon fa fa-sitemap', 1, 1, '', 1, 4, ''),
(83, 83, 'HotelMember/index', '用户管理', 'menu-icon fa fa-users', 1, 1, '', 1, 3, ''),
(96, 95, 'HotelUser/index', '用户管理', '', 1, 1, '', 1, 0, ''),
(95, 0, 'HotelUser/index', '餐厅用户管理', 'menu-icon fa fa-users', 1, 1, '', 1, 0, ''),
(94, 84, 'Hotel/editHotel', '编辑餐厅', '', 1, 1, '', 0, 0, ''),
(92, 84, 'Hotel/updateHotel', '更新连锁', '', 1, 1, '', 0, 0, ''),
(93, 84, 'Hotel/index', '餐厅管理', '', 1, 1, '', 1, 0, ''),
(97, 1, 'Index/displayHotel', '分店展示', '', 1, 1, '', 0, 0, ''),
(98, 1, 'Index/displaySetbox', '分店销售排行信息展示', '', 1, 1, '', 0, 0, ''),
(99, 1, 'Index/displayBox', '分店全年销售详情展示', '', 1, 1, '', 0, 0, '');

-- --------------------------------------------------------

--
-- 表的结构 `cloud_category`
--

CREATE TABLE `cloud_category` (
  `id` int(11) NOT NULL,
  `type` tinyint(1) NOT NULL COMMENT '0正常，1单页，2外链',
  `pid` int(11) NOT NULL COMMENT '父ID',
  `name` varchar(100) NOT NULL COMMENT '分类名称',
  `dir` varchar(100) NOT NULL COMMENT '目录名称',
  `seotitle` varchar(200) DEFAULT NULL COMMENT 'SEO标题',
  `keywords` varchar(255) NOT NULL,
  `description` varchar(255) NOT NULL,
  `content` text NOT NULL,
  `url` varchar(255) NOT NULL,
  `cattemplate` varchar(100) NOT NULL,
  `contemplate` varchar(100) NOT NULL,
  `o` int(11) NOT NULL COMMENT '排序'
) ENGINE=MyISAM DEFAULT CHARSET=utf8;

-- --------------------------------------------------------

--
-- 表的结构 `cloud_cook_menu`
--

CREATE TABLE `cloud_cook_menu` (
  `id` int(12) NOT NULL,
  `org_id` int(11) NOT NULL,
  `style_id` int(12) NOT NULL,
  `menu_name` varchar(64) NOT NULL COMMENT '菜单名称',
  `introduce` varchar(3200) NOT NULL COMMENT '简介',
  `price` decimal(8,2) NOT NULL,
  `standard` varchar(12) NOT NULL,
  `recommend` int(1) DEFAULT '0',
  `picture` varchar(128) NOT NULL,
  `edit_time` varchar(10) NOT NULL,
  `remark` varchar(128) NOT NULL,
  `is_delete` int(1) NOT NULL
) ENGINE=InnoDB DEFAULT CHARSET=utf8;

--
-- 转存表中的数据 `cloud_cook_menu`
--

INSERT INTO `cloud_cook_menu` (`id`, `org_id`, `style_id`, `menu_name`, `introduce`, `price`, `standard`, `recommend`, `picture`, `edit_time`, `remark`, `is_delete`) VALUES
(1, 2, 1, '醋溜大黄鱼', '', '274.00', '份', 0, '/cloud/Public/attached/2017/09/06/59af9b6c1850c.png', '1504680826', '', 0),
(2, 2, 1, '和风烧汁和牛粒', '', '322.00', '份', 0, '/cloud/Public/attached/2017/09/06/59af9bad5f533.png', '1504680878', '', 0),
(3, 2, 1, '黑松露萝卜烧肉', '', '331.00', '份', 0, '/cloud/Public/attached/2017/09/06/59af9bd4542fd.JPG', '1504680918', '', 0),
(4, 2, 1, '石锅葱烧海参', '', '207.00', '份', 0, '/cloud/Public/attached/2017/09/06/59af9bf75dfda.png', '1504680952', '', 0),
(5, 2, 2, '蓑衣黄瓜拼老醋海蜇', '', '86.00', '份', 0, '/cloud/Public/attached/2017/09/06/59af9c424b3a8.png', '1504681028', '', 0),
(6, 2, 2, '冰宫肴肉', '', '48.00', '份', 0, '/cloud/Public/attached/2017/09/06/59af9c640cab5.png', '1504681061', '', 0),
(7, 2, 2, '老醋萝卜脆', '', '44.00', '份', 0, '/cloud/Public/attached/2017/09/06/59af9c7f7b2be.png', '1504681088', '', 0),
(8, 2, 2, '素烧鸭', '', '55.00', '份', 0, '/cloud/Public/attached/2017/09/06/59af9ca9ba16d.png', '1504681130', '', 0),
(9, 2, 2, '太白鸡', '', '67.00', '份', 0, '/cloud/Public/attached/2017/09/06/59af9cc0690f6.png', '1504681153', '', 0),
(10, 2, 3, '清炒河虾仁', '', '228.00', '份', 0, '/cloud/Public/attached/2017/09/06/59af9d2c9e3ad.png', '1504681261', '', 0),
(11, 2, 3, '干贝酱金蒜泡明虾球', '', '209.00', '份', 0, '/cloud/Public/attached/2017/09/06/59af9d65bb1af.png', '1504681319', '', 0),
(12, 2, 3, '锅巴带子虾', '', '193.00', '份', 0, '/cloud/Public/attached/2017/09/06/59af9d855e6bf.png', '1504681350', '', 0),
(13, 2, 4, '龙凤柔情', '', '198.00', '份', 0, '/cloud/Public/attached/2017/09/06/59af9dc1c56c2.png', '1504681410', '', 0),
(14, 2, 4, '怀旧西柠鸡', '', '101.00', '份', 0, '/cloud/Public/attached/2017/09/06/59af9e1f4fc19.png', '1504681504', '', 0),
(15, 2, 5, '脆皮孜然羊柳', '', '90.00', '份', 0, '/cloud/Public/attached/2017/09/06/59af9e6a7f81d.png', '1504681579', '', 0),
(16, 2, 5, '榄菜肉末四棱豆', '', '63.00', '份', 0, '/cloud/Public/attached/2017/09/06/59af9e907f36e.png', '1504681617', '', 0),
(17, 2, 5, '鲜菠萝什果咕咾肉', '', '90.00', '份', 0, '/cloud/Public/attached/2017/09/06/59af9ec70272d.png', '1504681672', '', 0),
(18, 2, 5, '香醇牛排骨', '', '308.00', '份', 0, '/cloud/Public/attached/2017/09/06/59af9ede12d05.png', '1504681694', '', 0),
(19, 2, 6, '草头烧冬笋', '', '113.00', '份', 0, '/cloud/Public/attached/2017/09/06/59af9f206bc96.png', '1504681761', '', 0),
(20, 2, 6, '腊肉芥兰', '', '88.00', '份', 0, '/cloud/Public/attached/2017/09/06/59af9f573a7d3.png', '1504681816', '', 0),
(23, 2, 7, '扬州炒饭', '', '92.00', '份', 0, '/cloud/Public/attached/2017/09/06/59afa05a75a8e.png', '1504682075', '', 0),
(24, 2, 7, '韭菜银芽鸡丝两面黄', '', '101.00', '份', 0, '/cloud/Public/attached/2017/09/06/59afa08c976d2.png', '1504682126', '', 0),
(25, 2, 7, '鱼汤面', '', '44.00', '位', 0, '/cloud/Public/attached/2017/09/06/59afa0a9efaf9.png', '1504682157', '', 0),
(26, 2, 8, '杨枝甘露', '', '44.00', '份', 0, '/cloud/Public/attached/2017/09/06/59afa0e0b3c3b.png', '1504682209', '', 0),
(27, 2, 8, '核桃烙', '', '52.00', '份', 0, '/cloud/Public/attached/2017/09/06/59afa10732745.png', '1504682248', '', 0),
(28, 2, 8, '香滑鸳鸯芝麻布丁', '', '32.00', '份', 0, '/cloud/Public/attached/2017/09/06/59afa12d3fa0c.png', '1504682286', '', 0),
(29, 2, 8, '原盅椰子雨花石汤圆', '', '78.00', '份', 0, '/cloud/Public/attached/2017/09/06/59afa15abe65f.png', '1504682332', '', 0);

-- --------------------------------------------------------

--
-- 表的结构 `cloud_cook_style`
--

CREATE TABLE `cloud_cook_style` (
  `id` int(12) NOT NULL,
  `org_id` int(12) NOT NULL,
  `style_name` varchar(36) NOT NULL,
  `edit_time` varchar(10) NOT NULL,
  `remark` varchar(64) NOT NULL,
  `is_delete` int(2) NOT NULL DEFAULT '0'
) ENGINE=InnoDB DEFAULT CHARSET=utf8;

--
-- 转存表中的数据 `cloud_cook_style`
--

INSERT INTO `cloud_cook_style` (`id`, `org_id`, `style_name`, `edit_time`, `remark`, `is_delete`) VALUES
(1, 2, '粤菜精选', '1504680699', '', 0),
(2, 2, '风味凉菜', '1504680988', '', 0),
(3, 2, '海鲜', '1504681222', '', 0),
(4, 2, '禽类', '1504681368', '', 0),
(5, 2, '猪牛羊', '1504681527', '', 0),
(6, 2, '健康素食', '1504681720', '', 0),
(7, 2, '主食点心', '1504681844', '', 0),
(8, 2, '甜品', '1504682174', '', 0);

-- --------------------------------------------------------

--
-- 表的结构 `cloud_devlog`
--

CREATE TABLE `cloud_devlog` (
  `id` int(11) NOT NULL,
  `v` varchar(225) NOT NULL COMMENT '版本号',
  `y` int(4) NOT NULL COMMENT '年分',
  `t` int(10) NOT NULL COMMENT '发布日期',
  `log` text NOT NULL COMMENT '更新日志'
) ENGINE=MyISAM DEFAULT CHARSET=utf8;

--
-- 转存表中的数据 `cloud_devlog`
--

INSERT INTO `cloud_devlog` (`id`, `v`, `y`, `t`, `log`) VALUES
(1, '1.0.0', 2016, 1440259200, 'QWADMIN第一个版本发布。'),
(2, '1.0.1', 2016, 1440259200, '修改cookie过于简单的安全风险。');

-- --------------------------------------------------------

--
-- 表的结构 `cloud_flash`
--

CREATE TABLE `cloud_flash` (
  `id` int(11) NOT NULL,
  `title` varchar(255) NOT NULL,
  `url` varchar(255) NOT NULL,
  `pic` varchar(255) NOT NULL,
  `o` int(11) NOT NULL
) ENGINE=MyISAM DEFAULT CHARSET=utf8;

-- --------------------------------------------------------

--
-- 表的结构 `cloud_hotel`
--

CREATE TABLE `cloud_hotel` (
  `id` int(11) NOT NULL,
  `org_id` int(12) NOT NULL,
  `h_name` varchar(64) NOT NULL,
  `h_code` varchar(36) NOT NULL COMMENT '加盟编号',
  `h_add` varchar(64) NOT NULL COMMENT '酒店地址',
  `h_scode` varchar(32) NOT NULL,
  `h_add_time` int(10) NOT NULL COMMENT '添加时间',
  `last_version` int(11) NOT NULL COMMENT '餐厅端最新的菜谱最新版本'
) ENGINE=InnoDB DEFAULT CHARSET=utf8;

--
-- 转存表中的数据 `cloud_hotel`
--

INSERT INTO `cloud_hotel` (`id`, `org_id`, `h_name`, `h_code`, `h_add`, `h_scode`, `h_add_time`, `last_version`) VALUES
(11, 2, '必胜客欢乐谷店', 'China.00001', '北京市朝阳区欢乐谷正门对过', '83akzgxrbop1QKHOZSGh6MyWcut72leN', 1494335691, 0),
(12, 2, '必胜客北工大店', 'China.00002', '北京市朝阳区北京工业大学东门', 'wjWHZ5Q7UdzBhrL6img2bPx8G3sFuveM', 1494335702, 0),
(13, 2, '必胜客北京南站店', 'China.00003', '北京市丰台区北京南站地下1层', '3ChvkTZq8Aa7RMUHYpOy0tw24XoidQES', 1494335712, 0),
(14, 2, '必胜客武胜路店', 'China.00004', '必胜客武胜路店232号', '1NSfL4YKxujraIJstQF9ZkDlMnvCH0wE', 1497338626, 0);

-- --------------------------------------------------------

--
-- 表的结构 `cloud_links`
--

CREATE TABLE `cloud_links` (
  `id` int(11) NOT NULL,
  `title` varchar(255) NOT NULL,
  `url` varchar(255) NOT NULL,
  `logo` varchar(255) NOT NULL,
  `o` int(11) NOT NULL
) ENGINE=MyISAM DEFAULT CHARSET=utf8;

-- --------------------------------------------------------

--
-- 表的结构 `cloud_log`
--

CREATE TABLE `cloud_log` (
  `id` int(11) NOT NULL,
  `name` varchar(100) NOT NULL,
  `t` int(10) NOT NULL,
  `ip` varchar(16) NOT NULL,
  `log` varchar(255) NOT NULL
) ENGINE=MyISAM DEFAULT CHARSET=utf8;

--
-- 转存表中的数据 `cloud_log`
--

INSERT INTO `cloud_log` (`id`, `name`, `t`, `ip`, `log`) VALUES
(1, 'hhh', 1492003656, '127.0.0.1', '登录成功。'),
(2, 'admin', 1492065001, '127.0.0.1', '登录成功。'),
(3, 'admin', 1492066009, '127.0.0.1', '修改网站配置。'),
(4, 'admin', 1492066027, '127.0.0.1', '修改个人资料'),
(5, 'admin', 1492066049, '127.0.0.1', '修改个人资料'),
(6, 'admin', 1492067226, '127.0.0.1', '修改个人资料'),
(7, 'admin', 1492083390, '127.0.0.1', '删除用户组ID：2,3,6'),
(8, 'admin', 1492083943, '127.0.0.1', '编辑菜单，ID：24'),
(9, 'admin', 1492084201, '127.0.0.1', '新增菜单，名称：菜单管理'),
(10, 'admin', 1492084246, '127.0.0.1', '编辑菜单，ID：66'),
(11, 'admin', 1492084306, '127.0.0.1', '编辑菜单，ID：66'),
(12, 'admin', 1492084339, '127.0.0.1', '新增菜单，名称：菜品列表'),
(13, 'admin', 1492402554, '127.0.0.1', '编辑菜单，ID：67'),
(14, 'admin', 1492495930, '127.0.0.1', '登录成功。'),
(15, 'admin', 1492496135, '127.0.0.1', '新增菜单，名称：机构管理'),
(16, 'admin', 1492496204, '127.0.0.1', '编辑菜单，ID：68'),
(17, 'admin', 1492496263, '127.0.0.1', '编辑菜单，ID：68'),
(18, 'admin', 1492496322, '127.0.0.1', '新增菜单，名称：机构列表'),
(19, 'admin', 1492497492, '127.0.0.1', '新增菜单，名称：新增机构'),
(20, 'admin', 1492507576, '127.0.0.1', '编辑菜单，ID：69'),
(21, 'admin', 1492507819, '127.0.0.1', '登录成功。'),
(22, 'admin', 1492507934, '127.0.0.1', '登录成功。'),
(23, 'admin', 1492507992, '127.0.0.1', '登录成功。'),
(24, 'admin', 1492509495, '127.0.0.1', '新增用户组，ID：0，组名：连锁机构管理员'),
(25, 'admin', 1492509568, '127.0.0.1', '新增用户组，ID：0，组名：餐厅管理员'),
(26, 'admin', 1492511730, '127.0.0.1', '编辑菜单，ID：68'),
(27, 'admin', 1492529818, '127.0.0.1', '登录成功。'),
(28, 'admin', 1492529875, '127.0.0.1', '编辑用户组，ID：8，组名：连锁机构管理员'),
(29, 'admin', 1492530644, '127.0.0.1', '新增会员，会员UID：2'),
(30, 'admin', 1492530678, '127.0.0.1', '编辑会员信息，会员UID：2'),
(31, 'admin', 1492531746, '127.0.0.1', '新增会员，会员UID：3'),
(32, 'admin', 1492531950, '127.0.0.1', '新增会员，会员UID：4'),
(33, 'xqnssa', 1492531991, '127.0.0.1', '登录成功。'),
(34, 'admin', 1492533288, '127.0.0.1', '登录失败。'),
(35, 'admin', 1492533299, '127.0.0.1', '登录成功。'),
(36, 'admin', 1492533378, '127.0.0.1', '新增菜单，名称：新增菜系'),
(37, 'admin', 1492533517, '127.0.0.1', '新增菜单，名称：新增菜系'),
(38, 'admin', 1492533530, '127.0.0.1', '编辑用户组，ID：8，组名：连锁机构管理员'),
(39, 'xqnssa', 1492533556, '127.0.0.1', '登录成功。'),
(40, 'admin', 1492534841, '127.0.0.1', '登录成功。'),
(41, 'admin', 1492534888, '127.0.0.1', '新增菜单，名称：修改菜系'),
(42, 'admin', 1492534898, '127.0.0.1', '编辑用户组，ID：8，组名：连锁机构管理员'),
(43, 'xqnssa', 1492534910, '127.0.0.1', '登录成功。'),
(44, 'admin', 1492536126, '127.0.0.1', '登录成功。'),
(45, 'admin', 1492536178, '127.0.0.1', '新增菜单，名称：新增菜谱'),
(46, 'admin', 1492536188, '127.0.0.1', '登录成功。'),
(47, 'admin', 1492536197, '127.0.0.1', '编辑用户组，ID：8，组名：连锁机构管理员'),
(48, 'admin', 1492536265, '127.0.0.1', '新增菜单，名称：删除菜系'),
(49, 'admin', 1492536289, '127.0.0.1', '新增菜单，名称：修改菜谱'),
(50, 'admin', 1492536310, '127.0.0.1', '新增菜单，名称：删除菜谱'),
(51, 'admin', 1492536340, '127.0.0.1', '删除菜单ID：Array'),
(52, 'admin', 1492536366, '127.0.0.1', '新增菜单，名称：修改菜谱'),
(53, 'admin', 1492536391, '127.0.0.1', '新增菜单，名称：删除菜谱'),
(54, 'admin', 1492536436, '127.0.0.1', '编辑菜单，ID：74'),
(55, 'admin', 1492536471, '127.0.0.1', '新增菜单，名称：删除菜系'),
(56, 'admin', 1492536505, '127.0.0.1', '编辑用户组，ID：8，组名：连锁机构管理员'),
(57, 'xqnssa', 1492536522, '127.0.0.1', '登录成功。'),
(58, 'admin', 1492538687, '127.0.0.1', '登录成功。'),
(59, 'admin', 1492538728, '127.0.0.1', '新增菜单，名称：菜单列表'),
(60, 'admin', 1492538755, '127.0.0.1', '编辑菜单，ID：74'),
(61, 'admin', 1492538767, '127.0.0.1', '编辑用户组，ID：8，组名：连锁机构管理员'),
(62, 'xqnssa', 1492538793, '127.0.0.1', '登录成功。'),
(63, 'admin', 1492540819, '127.0.0.1', '登录成功。'),
(64, 'xqnssa', 1492540929, '127.0.0.1', '登录成功。'),
(65, 'xqnssa', 1492543133, '127.0.0.1', '登录成功。'),
(66, 'admin', 1492543174, '127.0.0.1', '登录成功。'),
(67, 'xqnssa', 1492589868, '127.0.0.1', '修改个人资料'),
(68, 'admin', 1492603699, '127.0.0.1', '登录成功。'),
(69, 'ceshi', 1492603807, '127.0.0.1', '登录成功。'),
(70, 'admin', 1492679584, '127.0.0.1', '登录成功。'),
(71, 'admin', 1493103987, '127.0.0.1', '登录成功。'),
(72, 'xqnssa', 1493104092, '127.0.0.1', '登录成功。'),
(73, 'admin', 1493104875, '127.0.0.1', '登录成功。'),
(74, 'admin', 1494049730, '127.0.0.1', '登录失败。'),
(75, 'admin', 1494049736, '127.0.0.1', '登录成功。'),
(76, 'admin', 1494050119, '127.0.0.1', '新增会员，会员UID：5'),
(77, 'admin', 1494050378, '127.0.0.1', '编辑会员信息，会员UID：5'),
(78, 'admin', 1494050482, '127.0.0.1', '删除会员UID：5'),
(79, 'admin', 1494050587, '127.0.0.1', '删除会员UID：3'),
(80, 'ceshi', 1494050662, '127.0.0.1', '登录失败。'),
(81, 'admin', 1494050670, '127.0.0.1', '登录失败。'),
(82, 'admin', 1494050681, '127.0.0.1', '登录成功。'),
(83, 'admin', 1494050698, '127.0.0.1', '编辑会员信息，会员UID：4'),
(84, 'ceshi', 1494050738, '127.0.0.1', '登录成功。'),
(85, 'admin', 1494050816, '127.0.0.1', '登录失败。'),
(86, 'admin', 1494050836, '127.0.0.1', '登录成功。'),
(87, 'admin', 1494051075, '127.0.0.1', '新增菜单，名称：餐厅用户管理'),
(88, 'admin', 1494051128, '127.0.0.1', '编辑菜单，ID：82'),
(89, 'admin', 1494051381, '127.0.0.1', '编辑用户组，ID：8，组名：连锁机构管理员'),
(90, 'ceshi', 1494051529, '127.0.0.1', '登录成功。'),
(91, 'ceshi', 1494051701, '127.0.0.1', '登录成功。'),
(92, 'admin', 1494052491, '127.0.0.1', '新增菜单，名称：餐厅用户管理'),
(93, 'admin', 1494052527, '127.0.0.1', '编辑菜单，ID：82'),
(94, 'admin', 1494052547, '127.0.0.1', '编辑菜单，ID：83'),
(95, 'admin', 1494052553, '127.0.0.1', '编辑菜单，ID：83'),
(96, 'admin', 1494052593, '127.0.0.1', '编辑菜单，ID：83'),
(97, 'admin', 1494052647, '127.0.0.1', '删除菜单ID：82'),
(98, 'admin', 1494052682, '127.0.0.1', '新增菜单，名称：餐厅用户管理'),
(99, 'admin', 1494052843, '127.0.0.1', '新增菜单，名称：用户管理'),
(100, 'admin', 1494052856, '127.0.0.1', '编辑菜单，ID：85'),
(101, 'admin', 1494052886, '127.0.0.1', '编辑用户组，ID：9，组名：餐厅管理员'),
(102, 'admin', 1494052929, '127.0.0.1', '新增菜单，名称：新增用户'),
(103, 'admin', 1494052956, '127.0.0.1', '新增菜单，名称：删除用户'),
(104, 'admin', 1494052989, '127.0.0.1', '新增菜单，名称：修改用户'),
(105, 'admin', 1494053005, '127.0.0.1', '编辑用户组，ID：8，组名：连锁机构管理员'),
(106, 'admin', 1494053020, '127.0.0.1', '编辑用户组，ID：9，组名：餐厅管理员'),
(107, 'admin', 1494053043, '127.0.0.1', '编辑用户组，ID：8，组名：连锁机构管理员'),
(108, 'admin', 1494053319, '127.0.0.1', '编辑菜单，ID：86'),
(109, 'ceshi', 1494228746, '127.0.0.1', '登录成功。'),
(110, 'admin', 1494228886, '127.0.0.1', '新增会员，会员UID：6'),
(111, 'admin', 1494229000, '127.0.0.1', '删除菜单ID：24'),
(112, 'admin', 1494229014, '127.0.0.1', '删除菜单ID：37'),
(113, 'admin', 1494296193, '127.0.0.1', '登录成功。'),
(114, 'ceshi', 1494312217, '127.0.0.1', '登录成功。'),
(115, 'admin', 1494313623, '127.0.0.1', '编辑菜单，ID：84'),
(116, 'admin', 1494313708, '127.0.0.1', '编辑菜单，ID：84'),
(117, 'admin', 1494314589, '127.0.0.1', '编辑用户组，ID：8，组名：连锁机构管理员'),
(118, 'admin', 1494314702, '127.0.0.1', '新增菜单，名称：添加连锁'),
(119, 'admin', 1494314716, '127.0.0.1', '删除菜单ID：89'),
(120, 'admin', 1494314743, '127.0.0.1', '新增菜单，名称：新增连锁'),
(121, 'admin', 1494314763, '127.0.0.1', '新增菜单，名称：删除连锁'),
(122, 'admin', 1494314806, '127.0.0.1', '新增菜单，名称：更新连锁'),
(123, 'admin', 1494314830, '127.0.0.1', '编辑菜单，ID：90'),
(124, 'admin', 1494314855, '127.0.0.1', '编辑菜单，ID：91'),
(125, 'admin', 1494314873, '127.0.0.1', '编辑用户组，ID：8，组名：连锁机构管理员'),
(126, 'admin', 1494314921, '127.0.0.1', '编辑用户组，ID：8，组名：连锁机构管理员'),
(127, 'admin', 1494314964, '127.0.0.1', '新增菜单，名称：餐厅管理'),
(128, 'admin', 1494314980, '127.0.0.1', '编辑用户组，ID：8，组名：连锁机构管理员'),
(129, 'admin', 1494315132, '127.0.0.1', '编辑用户组，ID：8，组名：连锁机构管理员'),
(130, 'admin', 1494315162, '127.0.0.1', '编辑用户组，ID：8，组名：连锁机构管理员'),
(131, 'admin', 1494315188, '127.0.0.1', '删除菜单ID：Array'),
(132, 'admin', 1494315770, '127.0.0.1', '编辑菜单，ID：90'),
(133, 'admin', 1494317607, '127.0.0.1', '新增菜单，名称：编辑餐厅'),
(134, 'admin', 1494317616, '127.0.0.1', '编辑用户组，ID：8，组名：连锁机构管理员'),
(135, 'admin', 1494318828, '127.0.0.1', '编辑菜单，ID：48'),
(136, 'admin', 1494318901, '127.0.0.1', '编辑菜单，ID：84'),
(137, 'admin', 1494335016, '127.0.0.1', '登录失败。'),
(138, 'admin', 1494335029, '127.0.0.1', '登录成功。'),
(139, 'ceshi', 1494335219, '127.0.0.1', '登录成功。'),
(140, 'admin', 1496392937, '127.0.0.1', '登录成功。'),
(141, 'ceshi', 1496393904, '127.0.0.1', '登录成功。'),
(142, 'admin', 1496455027, '127.0.0.1', '登录成功。'),
(143, 'admin', 1496455780, '127.0.0.1', '登录成功。'),
(144, 'admin', 1496456690, '127.0.0.1', '登录成功。'),
(145, 'admin', 1496456862, '127.0.0.1', '新增菜单，名称：餐厅用户管理'),
(146, 'admin', 1496456897, '127.0.0.1', '新增菜单，名称：用户管理'),
(147, 'admin', 1496456950, '127.0.0.1', '编辑菜单，ID：96'),
(148, 'admin', 1496469779, '127.0.0.1', '登录成功。'),
(149, 'ceshi', 1496472203, '127.0.0.1', '登录成功。'),
(150, 'ceshi', 1496477484, '127.0.0.1', '登录成功。'),
(151, 'ceshi', 1496566726, '127.0.0.1', '登录成功。'),
(152, 'ceshi', 1496570720, '127.0.0.1', '登录成功。'),
(153, 'ceshi', 1496631631, '127.0.0.1', '登录成功。'),
(154, 'ceshi', 1496659804, '127.0.0.1', '登录成功。'),
(155, 'ceshi', 1496738158, '127.0.0.1', '登录成功。'),
(156, 'ceshi', 1496738816, '127.0.0.1', '登录成功。'),
(157, 'ADMIN', 1496838812, '127.0.0.1', '登录失败。'),
(158, 'admin', 1496838831, '127.0.0.1', '登录失败。'),
(159, 'admin', 1496838849, '127.0.0.1', '登录失败。'),
(160, 'admin', 1496838878, '127.0.0.1', '登录失败。'),
(161, 'admin', 1496838919, '127.0.0.1', '登录成功。'),
(162, 'admin', 1496839061, '127.0.0.1', '登录成功。'),
(163, 'admin', 1496839182, '127.0.0.1', '登录成功。'),
(164, 'admin', 1496839822, '127.0.0.1', '登录成功。'),
(165, 'admin', 1496840791, '127.0.0.1', '登录成功。'),
(166, 'ceshi', 1496889470, '127.0.0.1', '登录成功。'),
(167, 'ceshi', 1496889644, '127.0.0.1', '登录成功。'),
(168, 'admin', 1497085183, '127.0.0.1', '登录失败。'),
(169, 'admin', 1497085191, '127.0.0.1', '登录成功。'),
(170, 'ceshi', 1497085261, '127.0.0.1', '登录成功。'),
(171, 'ceshi', 1497145343, '127.0.0.1', '登录成功。'),
(172, 'admin', 1497145822, '127.0.0.1', '登录成功。'),
(173, 'ceshi', 1497145847, '127.0.0.1', '登录成功。'),
(174, 'ceshi', 1497230322, '127.0.0.1', '登录成功。'),
(175, 'admin', 1497265275, '127.0.0.1', '登录成功。'),
(176, 'admin', 1497265412, '127.0.0.1', '新增菜单，名称：分店展示'),
(177, 'admin', 1497265477, '127.0.0.1', '编辑用户组，ID：8，组名：连锁机构管理员'),
(178, 'ceshi', 1497265494, '127.0.0.1', '登录成功。'),
(179, 'admin', 1497265619, '127.0.0.1', '登录成功。'),
(180, 'admin', 1497265692, '127.0.0.1', '编辑菜单，ID：97'),
(181, 'admin', 1497265698, '127.0.0.1', '编辑菜单，ID：97'),
(182, 'ceshi', 1497265797, '127.0.0.1', '登录成功。'),
(183, 'ceshi', 1497333333, '127.0.0.1', '登录成功。'),
(184, 'admin', 1497338201, '127.0.0.1', '登录成功。'),
(185, 'admin', 1497338304, '127.0.0.1', '编辑用户组，ID：8，组名：连锁机构管理员'),
(186, 'ceshi', 1497338460, '127.0.0.1', '登录成功。'),
(187, 'admin', 1497338509, '127.0.0.1', '登录成功。'),
(188, 'admin', 1497338561, '127.0.0.1', '新增会员，会员UID：7'),
(189, 'ceshi', 1497338595, '127.0.0.1', '登录成功。'),
(190, 'admin', 1498714711, '127.0.0.1', '登录成功。'),
(191, 'ceshi', 1498714731, '127.0.0.1', '登录成功。'),
(192, 'ceshi', 1499134446, '127.0.0.1', '登录成功。'),
(193, 'ceshi', 1499134464, '127.0.0.1', '登录成功。'),
(194, 'ceshi', 1499166459, '127.0.0.1', '登录成功。'),
(195, 'admin', 1499494288, '::1', '登录失败。'),
(196, 'admin', 1499494298, '::1', '登录失败。'),
(197, 'admin', 1499494307, '::1', '登录失败。'),
(198, 'ceshi', 1499494318, '::1', '登录成功。'),
(199, 'admin', 1499500705, '::1', '登录成功。'),
(200, 'admin', 1499501829, '::1', '新增菜单，名称：分店信息展示'),
(201, 'admin', 1499501841, '::1', '编辑用户组，ID：8，组名：连锁机构管理员'),
(202, 'ceshi', 1499501917, '::1', '登录成功。'),
(203, 'admin', 1499502006, '::1', '登录成功。'),
(204, 'admin', 1499502042, '::1', '编辑菜单，ID：98'),
(205, 'admin', 1499502213, '::1', '新增菜单，名称：分店全年销售详情展示'),
(206, 'admin', 1499502244, '::1', '编辑用户组，ID：8，组名：连锁机构管理员'),
(207, 'ceshi', 1499502260, '::1', '登录成功。'),
(208, 'ceshi', 1499515237, '127.0.0.1', '登录成功。'),
(209, 'ceshi', 1499914959, '127.0.0.1', '登录成功。'),
(210, 'ceshi', 1499921320, '127.0.0.1', '登录成功。'),
(211, 'ceshi', 1499998199, '127.0.0.1', '登录成功。'),
(212, 'ceshi', 1500017192, '127.0.0.1', '登录成功。'),
(213, 'ceshi', 1502163408, '127.0.0.1', '登录成功。'),
(214, 'ceshi', 1502803685, '127.0.0.1', '登录成功。'),
(215, 'ceshi', 1502804006, '127.0.0.1', '登录成功。'),
(216, 'ceshi', 1502805652, '127.0.0.1', '登录成功。'),
(217, 'ceshi', 1504444572, '127.0.0.1', '登录成功。'),
(218, 'ceshi', 1504486794, '127.0.0.1', '登录成功。'),
(219, 'ceshi', 1504532299, '127.0.0.1', '登录成功。'),
(220, 'ceshi', 1504572381, '127.0.0.1', '登录成功。'),
(221, 'ceshi', 1504595038, '127.0.0.1', '登录成功。'),
(222, 'ceshi', 1504618878, '127.0.0.1', '登录成功。'),
(223, 'ceshi', 1504658228, '127.0.0.1', '登录成功。');

-- --------------------------------------------------------

--
-- 表的结构 `cloud_member`
--

CREATE TABLE `cloud_member` (
  `uid` int(11) NOT NULL,
  `org_id` int(10) NOT NULL COMMENT '组织编号',
  `h_id` int(10) NOT NULL COMMENT '宾馆ID',
  `user` varchar(225) NOT NULL,
  `head` varchar(255) NOT NULL COMMENT '头像',
  `sex` tinyint(1) NOT NULL COMMENT '0保密1男，2女',
  `birthday` int(10) NOT NULL COMMENT '生日',
  `phone` varchar(20) NOT NULL COMMENT '电话',
  `qq` varchar(20) NOT NULL COMMENT 'QQ',
  `email` varchar(255) NOT NULL COMMENT '邮箱',
  `password` varchar(32) NOT NULL,
  `t` int(10) UNSIGNED NOT NULL COMMENT '注册时间'
) ENGINE=MyISAM DEFAULT CHARSET=utf8;

--
-- 转存表中的数据 `cloud_member`
--

INSERT INTO `cloud_member` (`uid`, `org_id`, `h_id`, `user`, `head`, `sex`, `birthday`, `phone`, `qq`, `email`, `password`, `t`) VALUES
(1, 0, 0, 'admin', '/Cloud/Public/attached/2017/04/13/58ef23981b178.jpg', 1, 1420128000, '13800138000', '331349451', 'xqnssa@qq.com', '66d6a1c8748025462128dc75bf5ae8d1', 1442505600),
(2, 0, 0, 'root', '', 1, 1490716800, '15811133331', '21312312', 'xqnssa@163.com', 'd45d6434eef733da506926efe9e04753', 1492530678),
(4, 2, 0, 'ceshi', '/Cloud/Public/attached/2017/04/19/58f63adc3c10c.jpeg', 1, 1491408000, '132141312214', '123213123', 'xqnssa@126.com', '36868f2f58d2ab890d352ace75b8184b', 1494050698),
(6, 7, 0, 'jingkelong', '', 1, 0, '', '', '', '36868f2f58d2ab890d352ace75b8184b', 1494228885),
(7, 8, 0, 'xqnd', '', 0, 0, '', '', '', '66d6a1c8748025462128dc75bf5ae8d1', 1497338561);

-- --------------------------------------------------------

--
-- 表的结构 `cloud_menu_version`
--

CREATE TABLE `cloud_menu_version` (
  `id` int(12) NOT NULL,
  `dept_id` int(12) NOT NULL,
  `menu_version` int(10) NOT NULL
) ENGINE=InnoDB DEFAULT CHARSET=utf8;

-- --------------------------------------------------------

--
-- 表的结构 `cloud_order`
--

CREATE TABLE `cloud_order` (
  `id` int(11) NOT NULL,
  `org_id` int(11) NOT NULL COMMENT '连锁机构ID',
  `h_id` int(11) NOT NULL COMMENT '具体店铺的编号',
  `order_time` int(11) NOT NULL COMMENT '下单时间',
  `syn_time` int(11) NOT NULL COMMENT '同步时间',
  `pay_time` int(11) NOT NULL COMMENT '结账时间',
  `total_money` decimal(8,2) NOT NULL COMMENT '总金额',
  `real_money` decimal(8,2) NOT NULL COMMENT '实收金额',
  `pay_type` varchar(32) NOT NULL COMMENT '支付方式',
  `evaluate` text NOT NULL COMMENT '评价',
  `remark` varchar(128) NOT NULL COMMENT '备注'
) ENGINE=InnoDB DEFAULT CHARSET=utf8;

--
-- 转存表中的数据 `cloud_order`
--

INSERT INTO `cloud_order` (`id`, `org_id`, `h_id`, `order_time`, `syn_time`, `pay_time`, `total_money`, `real_money`, `pay_type`, `evaluate`, `remark`) VALUES
(1, 2, 12, 1496651570, 1496653564, 0, '830.00', '0.00', '', '', ''),
(2, 2, 13, 1497146753, 1497146810, 0, '485.00', '0.00', '', '', ''),
(3, 2, 13, 1497147035, 1497147122, 0, '375.00', '0.00', '', '', ''),
(4, 2, 13, 1497147165, 1497147223, 0, '250.00', '0.00', '', '', ''),
(5, 2, 13, 1497147348, 1497147457, 0, '190.00', '0.00', '', '', ''),
(6, 2, 13, 1497148145, 1497148199, 0, '370.00', '0.00', '', '', ''),
(7, 2, 13, 1497148618, 1497148653, 0, '341.00', '0.00', '', '', ''),
(8, 2, 13, 1497148705, 1497148769, 0, '170.00', '0.00', '', '', ''),
(9, 2, 13, 1494470466, 1494470512, 0, '285.00', '0.00', '', '', ''),
(10, 2, 13, 1494470542, 1494470586, 0, '336.00', '0.00', '', '', ''),
(11, 2, 13, 1495075494, 1495075540, 0, '155.00', '0.00', '', '', ''),
(12, 2, 13, 1495075611, 1495075661, 0, '300.00', '0.00', '', '', ''),
(13, 2, 13, 1495680479, 1495680519, 0, '380.00', '0.00', '', '', ''),
(14, 2, 13, 1495680536, 1495680578, 0, '210.00', '0.00', '', '', ''),
(15, 2, 13, 1493866192, 1493866228, 0, '125.00', '0.00', '', '', ''),
(16, 2, 13, 1493866269, 1493866309, 0, '265.00', '0.00', '', '', ''),
(17, 2, 13, 1493261531, 1493261568, 0, '135.00', '0.00', '', '', ''),
(18, 2, 13, 1493261587, 1493261679, 0, '110.00', '0.00', '', '', ''),
(19, 2, 13, 1492657161, 1492657190, 0, '105.00', '0.00', '', '', ''),
(20, 2, 13, 1492657217, 1492657301, 0, '1322.00', '0.00', '', '', ''),
(21, 2, 13, 1492052606, 1492052656, 0, '135.00', '0.00', '', '', ''),
(22, 2, 13, 1492052839, 1492052872, 0, '180.00', '0.00', '', '', ''),
(23, 2, 13, 1491448119, 1491448149, 0, '195.00', '0.00', '', '', ''),
(24, 2, 13, 1491448256, 1491448279, 0, '165.00', '0.00', '', '', ''),
(25, 2, 13, 1491448324, 1491448376, 0, '175.00', '0.00', '', '', ''),
(26, 2, 13, 1491448399, 1491448428, 0, '135.00', '0.00', '', '', ''),
(27, 2, 13, 1490843668, 1490843686, 0, '205.00', '0.00', '', '', ''),
(28, 2, 13, 1490843716, 1490843737, 0, '110.00', '0.00', '', '', ''),
(29, 2, 13, 1490843757, 1490843772, 0, '170.00', '0.00', '', '', ''),
(30, 2, 13, 1490239016, 1490239037, 0, '115.00', '0.00', '', '', ''),
(31, 2, 13, 1490239058, 1490239073, 0, '170.00', '0.00', '', '', ''),
(32, 2, 13, 1489634307, 1489634323, 0, '70.00', '0.00', '', '', ''),
(33, 2, 13, 1489634375, 1489634407, 0, '165.00', '0.00', '', '', ''),
(34, 2, 13, 1489029651, 1489029660, 0, '165.00', '0.00', '', '', ''),
(35, 2, 13, 1489029697, 1489029706, 0, '145.00', '0.00', '', '', ''),
(36, 2, 13, 1489029744, 1489029757, 0, '90.00', '0.00', '', '', ''),
(37, 2, 13, 1488425010, 1488425020, 0, '125.00', '0.00', '', '', ''),
(38, 2, 13, 1488425043, 1488425063, 0, '170.00', '0.00', '', '', ''),
(39, 2, 13, 1487820289, 1487820294, 0, '130.00', '0.00', '', '', ''),
(40, 2, 13, 1487820324, 1487820329, 0, '425.00', '0.00', '', '', ''),
(41, 2, 13, 1487215567, 1487215570, 0, '180.00', '0.00', '', '', ''),
(42, 2, 13, 1487215605, 1487215683, 0, '135.00', '0.00', '', '', ''),
(43, 2, 13, 1486610912, 1486610913, 0, '40.00', '0.00', '', '', ''),
(44, 2, 13, 1486006143, 1486006145, 0, '130.00', '0.00', '', '', ''),
(45, 2, 13, 1485401383, 1485401381, 0, '255.00', '0.00', '', '', ''),
(46, 2, 13, 1484796621, 1484796615, 0, '240.00', '0.00', '', '', ''),
(47, 2, 13, 1484191851, 1484191845, 0, '160.00', '0.00', '', '', ''),
(48, 2, 13, 1483587086, 1483587074, 0, '140.00', '0.00', '', '', ''),
(49, 2, 13, 1482895911, 1482895915, 0, '360.00', '0.00', '', '', ''),
(50, 2, 13, 1482377597, 1482377592, 0, '130.00', '0.00', '', '', ''),
(51, 2, 13, 1481772860, 1481772840, 0, '80.00', '0.00', '', '', ''),
(52, 2, 13, 1481168106, 1481168083, 0, '150.00', '0.00', '', '', ''),
(53, 2, 13, 1480563351, 1480563320, 0, '110.00', '0.00', '', '', ''),
(54, 2, 13, 1479958604, 1479958575, 0, '60.00', '0.00', '', '', ''),
(55, 2, 13, 1479353854, 1479353815, 0, '115.00', '0.00', '', '', ''),
(56, 2, 13, 1478749091, 1478749040, 0, '240.00', '0.00', '', '', ''),
(57, 2, 13, 1478144322, 1478144270, 0, '120.00', '0.00', '', '', ''),
(58, 2, 13, 1477539582, 1477539528, 0, '420.00', '0.00', '', '', ''),
(59, 2, 13, 1476934868, 1476934800, 0, '100.00', '0.00', '', '', ''),
(60, 2, 13, 1476330105, 1476330040, 0, '275.00', '0.00', '', '', ''),
(61, 2, 13, 1475725373, 1475725301, 0, '100.00', '0.00', '', '', ''),
(62, 2, 13, 1475120629, 1475120521, 0, '120.00', '0.00', '', '', ''),
(63, 2, 13, 1474515896, 1474515778, 0, '210.00', '0.00', '', '', ''),
(64, 2, 13, 1473911144, 1473911020, 0, '360.00', '0.00', '', '', ''),
(65, 2, 13, 1471232780, 1471232651, 0, '110.00', '0.00', '', '', ''),
(66, 2, 13, 1468554487, 1468554356, 0, '120.00', '0.00', '', '', ''),
(67, 2, 13, 1465962546, 1465962395, 0, '70.00', '0.00', '', '', ''),
(68, 2, 13, 1463284183, 1463284028, 0, '210.00', '0.00', '', '', ''),
(69, 2, 13, 1460692218, 1460692063, 0, '60.00', '0.00', '', '', ''),
(70, 2, 13, 1458013889, 1458013734, 0, '80.00', '0.00', '', '', ''),
(71, 2, 13, 1455508327, 1455508163, 0, '1750.00', '0.00', '', '', ''),
(72, 2, 13, 1452829971, 1452829802, 0, '400.00', '0.00', '', '', ''),
(73, 2, 13, 1497235239, 1497235259, 0, '210.00', '0.00', '', '', ''),
(74, 2, 13, 1497235303, 1497235318, 0, '80.00', '0.00', '', '', ''),
(75, 2, 13, 1497235349, 1497235367, 0, '150.00', '0.00', '', '', ''),
(76, 2, 13, 1497235424, 1497235452, 0, '225.00', '0.00', '', '', ''),
(77, 2, 13, 1497235480, 1497235495, 0, '160.00', '0.00', '', '', ''),
(78, 2, 13, 1497235515, 1497235531, 0, '165.00', '0.00', '', '', ''),
(79, 2, 13, 1497235680, 1497235698, 0, '60.00', '0.00', '', '', ''),
(80, 2, 13, 1497235787, 1497236004, 0, '100.00', '0.00', '', '', ''),
(81, 2, 13, 1497235807, 1497236004, 0, '250.00', '0.00', '', '', ''),
(82, 2, 13, 1497236092, 1497236104, 0, '60.00', '0.00', '', '', ''),
(83, 2, 13, 1497063663, 1497065086, 0, '260.00', '0.00', '', '', ''),
(84, 2, 13, 1497065111, 1497065129, 0, '145.00', '0.00', '', '', ''),
(85, 2, 13, 1497065188, 1497065211, 0, '165.00', '0.00', '', '', ''),
(86, 2, 13, 1497264809, 1497264821, 0, '1500.00', '0.00', '', '', ''),
(87, 2, 13, 1497265060, 1497265068, 0, '1300.00', '0.00', '', '', ''),
(88, 2, 13, 1497265125, 1497265148, 0, '2500.00', '0.00', '', '', ''),
(89, 2, 13, 1497333348, 1497333372, 0, '100.00', '0.00', '', '', ''),
(90, 2, 13, 1497335020, 1497335036, 0, '90.00', '0.00', '', '', ''),
(91, 2, 13, 1497335499, 1497335588, 0, '296.00', '0.00', '', '', ''),
(92, 2, 13, 1497335676, 1497335688, 0, '35229.00', '0.00', '', '', ''),
(93, 2, 13, 1497336359, 1497336381, 0, '4299.00', '0.00', '', '', ''),
(94, 2, 13, 1497336892, 1497337102, 0, '486.00', '0.00', '', '', ''),
(95, 2, 13, 1497337261, 1497337292, 0, '80.00', '0.00', '', '', ''),
(96, 2, 13, 1497337904, 1497337928, 0, '4799.00', '0.00', '', '', ''),
(97, 2, 13, 1504062286, 1504433460, 0, '140.00', '0.00', '', '', ''),
(98, 2, 13, 1504328152, 1504433460, 0, '749.00', '0.00', '', '', ''),
(99, 2, 13, 1504337104, 1504433460, 0, '817.00', '0.00', '', '', ''),
(100, 2, 13, 1504338977, 1504433460, 0, '2047.00', '0.00', '', '', ''),
(101, 2, 13, 1504342511, 1504433460, 0, '1180.00', '0.00', '', '', ''),
(102, 2, 13, 1504343445, 1504433460, 0, '1350.00', '0.00', '', '', ''),
(103, 2, 13, 1504344706, 1504433461, 0, '465.00', '0.00', '', '', ''),
(104, 2, 13, 1504354975, 1504433461, 0, '600.00', '0.00', '', '', ''),
(105, 2, 13, 1504433428, 1504433461, 0, '111.00', '0.00', '', '', '');

-- --------------------------------------------------------

--
-- 表的结构 `cloud_order_sub`
--

CREATE TABLE `cloud_order_sub` (
  `id` int(11) NOT NULL,
  `oid` int(11) NOT NULL COMMENT '订单编号',
  `menu_id` int(11) NOT NULL COMMENT '云端的菜单编号',
  `price` decimal(8,2) NOT NULL COMMENT '单价',
  `num` int(5) NOT NULL COMMENT '数量',
  `taste` varchar(128) NOT NULL COMMENT '口味'
) ENGINE=InnoDB DEFAULT CHARSET=utf8;

--
-- 转存表中的数据 `cloud_order_sub`
--

INSERT INTO `cloud_order_sub` (`id`, `oid`, `menu_id`, `price`, `num`, `taste`) VALUES
(1, 1, 13, '98.00', 1, '加快 微辣'),
(2, 1, 9, '45.00', 1, '免蒜'),
(3, 1, 12, '321.00', 1, '免蒜'),
(4, 1, 12, '321.00', 1, ''),
(5, 1, 9, '45.00', 1, ''),
(6, 2, 16, '350.00', 1, ''),
(7, 2, 24, '30.00', 1, ''),
(8, 2, 20, '10.00', 1, ''),
(9, 2, 32, '30.00', 1, ''),
(10, 2, 28, '65.00', 1, ''),
(11, 3, 26, '80.00', 1, ''),
(12, 3, 27, '75.00', 1, ''),
(13, 3, 21, '40.00', 1, ''),
(14, 3, 29, '40.00', 2, ''),
(15, 3, 34, '100.00', 1, ''),
(16, 4, 20, '10.00', 1, ''),
(17, 4, 28, '65.00', 1, ''),
(18, 4, 37, '40.00', 1, ''),
(19, 4, 12, '60.00', 1, ''),
(20, 4, 9, '45.00', 1, ''),
(21, 4, 15, '30.00', 1, ''),
(22, 5, 25, '20.00', 1, ''),
(23, 5, 29, '40.00', 1, ''),
(24, 5, 22, '55.00', 1, ''),
(25, 5, 27, '75.00', 1, ''),
(26, 6, 14, '55.00', 1, ''),
(27, 6, 33, '30.00', 1, ''),
(28, 6, 31, '20.00', 1, ''),
(29, 6, 36, '40.00', 1, ''),
(30, 6, 35, '120.00', 1, ''),
(31, 6, 38, '70.00', 1, ''),
(32, 6, 30, '35.00', 1, ''),
(33, 7, 9, '45.00', 1, ''),
(34, 7, 12, '66.00', 1, ''),
(35, 7, 18, '55.00', 1, ''),
(36, 7, 23, '60.00', 1, ''),
(37, 7, 27, '75.00', 1, ''),
(38, 7, 21, '40.00', 1, ''),
(39, 8, 25, '20.00', 1, ''),
(40, 8, 34, '100.00', 1, ''),
(41, 8, 14, '50.00', 1, ''),
(42, 9, 31, '20.00', 1, ''),
(43, 9, 35, '120.00', 1, ''),
(44, 9, 36, '40.00', 1, ''),
(45, 9, 30, '35.00', 1, ''),
(46, 9, 38, '70.00', 1, ''),
(47, 10, 17, '66.00', 1, ''),
(48, 10, 15, '15.00', 1, ''),
(49, 10, 38, '70.00', 1, ''),
(50, 10, 18, '55.00', 1, ''),
(51, 10, 23, '60.00', 1, ''),
(52, 10, 13, '70.00', 1, ''),
(53, 11, 21, '40.00', 1, ''),
(54, 11, 29, '40.00', 1, ''),
(55, 11, 20, '10.00', 1, ''),
(56, 11, 28, '65.00', 1, ''),
(57, 12, 37, '40.00', 1, ''),
(58, 12, 28, '65.00', 1, ''),
(59, 12, 12, '60.00', 1, ''),
(60, 12, 17, '60.00', 1, ''),
(61, 12, 15, '30.00', 1, ''),
(62, 12, 9, '45.00', 1, ''),
(63, 13, 16, '350.00', 1, ''),
(64, 13, 15, '30.00', 1, ''),
(65, 14, 33, '30.00', 1, ''),
(66, 14, 31, '20.00', 1, ''),
(67, 14, 36, '40.00', 1, ''),
(68, 14, 35, '120.00', 1, ''),
(69, 15, 30, '35.00', 1, ''),
(70, 15, 19, '35.00', 1, ''),
(71, 15, 18, '55.00', 1, ''),
(72, 16, 18, '55.00', 1, ''),
(73, 16, 26, '80.00', 1, ''),
(74, 16, 23, '60.00', 1, ''),
(75, 16, 13, '70.00', 1, ''),
(76, 17, 21, '40.00', 1, ''),
(77, 17, 22, '55.00', 1, ''),
(78, 17, 29, '40.00', 1, ''),
(79, 18, 25, '20.00', 1, ''),
(80, 18, 14, '50.00', 1, ''),
(81, 18, 24, '30.00', 1, ''),
(82, 18, 20, '10.00', 1, ''),
(83, 19, 28, '65.00', 1, ''),
(84, 19, 37, '40.00', 1, ''),
(85, 20, 14, '55.00', 1, ''),
(86, 20, 13, '98.00', 1, ''),
(87, 20, 17, '654.00', 1, ''),
(88, 20, 16, '350.00', 1, ''),
(89, 20, 15, '15.00', 1, ''),
(90, 20, 12, '60.00', 1, ''),
(91, 20, 17, '60.00', 1, ''),
(92, 20, 15, '30.00', 1, ''),
(93, 21, 9, '45.00', 1, ''),
(94, 21, 12, '60.00', 1, ''),
(95, 21, 32, '30.00', 1, ''),
(96, 22, 24, '30.00', 1, ''),
(97, 22, 14, '50.00', 1, ''),
(98, 22, 34, '100.00', 1, ''),
(99, 23, 34, '100.00', 1, ''),
(100, 23, 29, '40.00', 1, ''),
(101, 23, 22, '55.00', 1, ''),
(102, 24, 21, '40.00', 1, ''),
(103, 24, 22, '55.00', 1, ''),
(104, 24, 13, '70.00', 1, ''),
(105, 25, 23, '60.00', 1, ''),
(106, 25, 26, '80.00', 1, ''),
(107, 25, 19, '35.00', 1, ''),
(108, 26, 18, '55.00', 1, ''),
(109, 26, 26, '80.00', 1, ''),
(110, 27, 23, '60.00', 1, ''),
(111, 27, 13, '70.00', 1, ''),
(112, 27, 27, '75.00', 1, ''),
(113, 28, 13, '70.00', 1, ''),
(114, 28, 25, '20.00', 2, ''),
(115, 29, 25, '20.00', 1, ''),
(116, 29, 14, '50.00', 1, ''),
(117, 29, 34, '100.00', 1, ''),
(118, 30, 20, '10.00', 1, ''),
(119, 30, 37, '40.00', 1, ''),
(120, 30, 28, '65.00', 1, ''),
(121, 31, 37, '40.00', 1, ''),
(122, 31, 28, '65.00', 2, ''),
(123, 32, 37, '40.00', 1, ''),
(124, 32, 24, '30.00', 1, ''),
(125, 33, 29, '40.00', 1, ''),
(126, 33, 22, '55.00', 1, ''),
(127, 33, 13, '70.00', 1, ''),
(128, 34, 27, '75.00', 1, ''),
(129, 34, 19, '35.00', 1, ''),
(130, 34, 18, '55.00', 1, ''),
(131, 35, 30, '35.00', 1, ''),
(132, 35, 38, '70.00', 1, ''),
(133, 35, 36, '40.00', 1, ''),
(134, 36, 36, '40.00', 1, ''),
(135, 36, 33, '30.00', 1, ''),
(136, 36, 31, '20.00', 1, ''),
(137, 37, 31, '20.00', 1, ''),
(138, 37, 33, '30.00', 1, ''),
(139, 37, 27, '75.00', 1, ''),
(140, 38, 27, '75.00', 1, ''),
(141, 38, 22, '55.00', 1, ''),
(142, 38, 21, '40.00', 1, ''),
(143, 39, 21, '40.00', 1, ''),
(144, 39, 29, '40.00', 1, ''),
(145, 39, 14, '50.00', 1, ''),
(146, 40, 16, '350.00', 1, ''),
(147, 40, 9, '45.00', 1, ''),
(148, 40, 15, '30.00', 1, ''),
(149, 41, 12, '60.00', 1, ''),
(150, 41, 17, '60.00', 2, ''),
(151, 42, 32, '30.00', 1, ''),
(152, 42, 28, '65.00', 1, ''),
(153, 42, 37, '40.00', 1, ''),
(154, 43, 20, '10.00', 1, ''),
(155, 43, 24, '30.00', 1, ''),
(156, 44, 24, '30.00', 1, ''),
(157, 44, 34, '100.00', 1, ''),
(158, 45, 29, '40.00', 1, ''),
(159, 45, 13, '70.00', 2, ''),
(160, 45, 27, '75.00', 1, ''),
(161, 46, 26, '80.00', 3, ''),
(162, 47, 19, '35.00', 3, ''),
(163, 47, 18, '55.00', 1, ''),
(164, 48, 30, '35.00', 4, ''),
(165, 49, 35, '120.00', 3, ''),
(166, 50, 31, '20.00', 2, ''),
(167, 50, 33, '30.00', 3, ''),
(168, 51, 31, '20.00', 1, ''),
(169, 51, 23, '60.00', 1, ''),
(170, 52, 27, '75.00', 2, ''),
(171, 53, 13, '70.00', 1, ''),
(172, 53, 21, '40.00', 1, ''),
(173, 54, 14, '50.00', 1, ''),
(174, 54, 20, '10.00', 1, ''),
(175, 55, 20, '10.00', 1, ''),
(176, 55, 37, '40.00', 1, ''),
(177, 55, 28, '65.00', 1, ''),
(178, 56, 12, '60.00', 4, ''),
(179, 57, 17, '60.00', 2, ''),
(180, 58, 37, '40.00', 1, ''),
(181, 58, 32, '30.00', 1, ''),
(182, 58, 16, '350.00', 1, ''),
(183, 59, 34, '100.00', 1, ''),
(184, 60, 15, '30.00', 1, ''),
(185, 60, 9, '45.00', 1, ''),
(186, 60, 34, '100.00', 1, ''),
(187, 60, 14, '50.00', 2, ''),
(188, 61, 33, '30.00', 2, ''),
(189, 61, 31, '20.00', 2, ''),
(190, 62, 36, '40.00', 3, ''),
(191, 63, 38, '70.00', 3, ''),
(192, 64, 35, '120.00', 3, ''),
(193, 65, 18, '55.00', 2, ''),
(194, 66, 23, '60.00', 2, ''),
(195, 67, 19, '35.00', 2, ''),
(196, 68, 38, '70.00', 3, ''),
(197, 69, 31, '20.00', 3, ''),
(198, 70, 20, '10.00', 2, ''),
(199, 70, 24, '30.00', 2, ''),
(200, 71, 16, '350.00', 5, ''),
(201, 72, 34, '100.00', 4, ''),
(202, 73, 31, '20.00', 1, ''),
(203, 73, 33, '30.00', 1, ''),
(204, 73, 36, '40.00', 1, ''),
(205, 73, 35, '120.00', 1, ''),
(206, 74, 30, '40.00', 2, ''),
(207, 75, 18, '55.00', 1, ''),
(208, 75, 19, '35.00', 1, ''),
(209, 75, 23, '60.00', 1, ''),
(210, 76, 27, '75.00', 3, ''),
(211, 77, 21, '40.00', 4, ''),
(212, 78, 22, '55.00', 3, ''),
(213, 79, 25, '20.00', 3, ''),
(214, 80, 14, '50.00', 2, ''),
(215, 81, 14, '50.00', 3, ''),
(216, 81, 34, '100.00', 1, ''),
(217, 82, 24, '30.00', 2, ''),
(218, 83, 28, '65.00', 4, ''),
(219, 84, 37, '40.00', 1, ''),
(220, 84, 12, '60.00', 1, ''),
(221, 84, 9, '45.00', 1, ''),
(222, 85, 9, '45.00', 1, ''),
(223, 85, 15, '30.00', 1, ''),
(224, 85, 17, '60.00', 1, ''),
(225, 85, 32, '30.00', 1, ''),
(226, 86, 14, '50.00', 30, ''),
(227, 87, 28, '65.00', 20, ''),
(228, 88, 14, '50.00', 50, ''),
(229, 89, 31, '20.00', 5, ''),
(230, 90, 9, '45.00', 2, ''),
(231, 91, 28, '66.00', 1, ''),
(232, 91, 26, '80.00', 1, ''),
(233, 91, 33, '30.00', 1, ''),
(234, 91, 35, '120.00', 1, ''),
(235, 92, 36, '40.00', 1, ''),
(236, 92, 16, '350.00', 100, ''),
(237, 92, 17, '60.00', 1, ''),
(238, 92, 37, '40.00', 1, ''),
(239, 92, 39, '89.00', 1, ''),
(240, 93, 12, '60.00', 1, ''),
(241, 93, 17, '60.00', 3, ''),
(242, 93, 39, '89.00', 1, ''),
(243, 93, 37, '40.00', 2, ''),
(244, 93, 16, '350.00', 11, ''),
(245, 93, 30, '40.00', 1, ''),
(246, 94, 22, '55.00', 1, ''),
(247, 94, 26, '80.00', 1, ''),
(248, 94, 33, '30.00', 1, ''),
(249, 94, 35, '120.00', 1, ''),
(250, 94, 15, '32.00', 1, ''),
(251, 94, 37, '40.00', 1, ''),
(252, 94, 37, '40.00', 1, ''),
(253, 94, 39, '89.00', 1, ''),
(254, 95, 19, '35.00', 2, ''),
(255, 95, 20, '10.00', 1, ''),
(256, 96, 40, '70.00', 1, ''),
(257, 96, 37, '40.00', 1, ''),
(258, 96, 39, '89.00', 1, ''),
(259, 96, 14, '50.00', 92, ''),
(260, 97, 21, '40.00', 1, ''),
(261, 97, 20, '20.00', 2, '微辣 免蒜 少盐'),
(262, 97, 21, '40.00', 1, ''),
(263, 97, 20, '20.00', 1, ''),
(264, 98, 33, '30.00', 3, ''),
(265, 98, 34, '100.00', 1, ''),
(266, 98, 38, '70.00', 1, ''),
(267, 98, 35, '120.00', 1, ''),
(268, 98, 32, '30.00', 2, ''),
(269, 98, 14, '50.00', 2, ''),
(270, 98, 17, '60.00', 2, ''),
(271, 98, 36, '40.00', 1, ''),
(272, 98, 9, '49.00', 1, ''),
(273, 99, 46, '321.00', 1, ''),
(274, 99, 47, '1.00', 1, ''),
(275, 99, 19, '35.00', 1, ''),
(276, 99, 18, '55.00', 1, ''),
(277, 99, 21, '40.00', 1, ''),
(278, 99, 20, '10.00', 1, ''),
(279, 99, 23, '60.00', 1, ''),
(280, 99, 22, '55.00', 2, ''),
(281, 99, 25, '20.00', 1, ''),
(282, 99, 24, '30.00', 1, ''),
(283, 99, 28, '55.00', 1, ''),
(284, 99, 26, '80.00', 1, ''),
(285, 100, 53, '0.00', 1, ''),
(286, 100, 54, '0.00', 1, ''),
(287, 100, 51, '0.00', 1, ''),
(288, 100, 52, '0.00', 1, ''),
(289, 100, 49, '321.00', 1, ''),
(290, 100, 50, '1.00', 1, ''),
(291, 100, 47, '1.00', 1, ''),
(292, 100, 48, '321.00', 1, ''),
(293, 100, 17, '60.00', 1, ''),
(294, 100, 16, '350.00', 1, ''),
(295, 100, 36, '40.00', 1, ''),
(296, 100, 12, '60.00', 1, ''),
(297, 100, 9, '49.00', 1, ''),
(298, 100, 40, '70.00', 1, ''),
(299, 100, 37, '40.00', 1, ''),
(300, 100, 39, '89.00', 1, ''),
(301, 100, 14, '50.00', 1, ''),
(302, 100, 13, '70.00', 1, ''),
(303, 100, 30, '40.00', 1, ''),
(304, 100, 27, '75.00', 1, ''),
(305, 100, 17, '60.00', 1, ''),
(306, 100, 16, '350.00', 1, '加快 微辣 免鸡精 少油 少糖 少盐'),
(307, 101, 21, '40.00', 1, ''),
(308, 101, 29, '40.00', 1, ''),
(309, 101, 28, '55.00', 1, ''),
(310, 101, 33, '30.00', 1, ''),
(311, 101, 31, '20.00', 1, ''),
(312, 101, 35, '120.00', 1, ''),
(313, 101, 34, '100.00', 1, ''),
(314, 101, 32, '30.00', 1, ''),
(315, 101, 38, '70.00', 1, ''),
(316, 101, 15, '32.00', 1, ''),
(317, 101, 27, '75.00', 1, ''),
(318, 101, 30, '40.00', 1, ''),
(319, 101, 13, '70.00', 1, ''),
(320, 101, 14, '50.00', 1, ''),
(321, 101, 39, '89.00', 1, ''),
(322, 101, 40, '70.00', 1, ''),
(323, 101, 37, '40.00', 1, ''),
(324, 101, 9, '49.00', 1, ''),
(325, 101, 12, '60.00', 1, ''),
(326, 101, 36, '40.00', 1, ''),
(327, 101, 17, '60.00', 1, ''),
(328, 102, 53, '0.00', 1, ''),
(329, 102, 51, '0.00', 1, ''),
(330, 102, 52, '0.00', 1, ''),
(331, 102, 49, '321.00', 1, ''),
(332, 102, 50, '1.00', 1, ''),
(333, 102, 47, '1.00', 1, ''),
(334, 102, 48, '321.00', 1, ''),
(335, 102, 46, '321.00', 1, ''),
(336, 102, 18, '55.00', 1, ''),
(337, 102, 20, '10.00', 1, ''),
(338, 102, 19, '35.00', 1, ''),
(339, 102, 22, '55.00', 1, ''),
(340, 102, 21, '40.00', 1, ''),
(341, 102, 24, '30.00', 1, ''),
(342, 102, 23, '60.00', 1, ''),
(343, 102, 26, '80.00', 1, ''),
(344, 102, 25, '20.00', 1, ''),
(345, 103, 18, '55.00', 1, ''),
(346, 103, 20, '10.00', 1, ''),
(347, 103, 19, '35.00', 1, ''),
(348, 103, 22, '55.00', 1, ''),
(349, 103, 21, '40.00', 1, ''),
(350, 103, 24, '30.00', 1, ''),
(351, 103, 23, '60.00', 1, ''),
(352, 103, 26, '80.00', 1, ''),
(353, 103, 25, '20.00', 1, ''),
(354, 103, 29, '40.00', 1, ''),
(355, 103, 36, '40.00', 1, '加快 少油'),
(356, 104, 21, '40.00', 1, ''),
(357, 104, 28, '55.00', 1, ''),
(358, 104, 24, '30.00', 1, ''),
(359, 104, 29, '40.00', 1, ''),
(360, 104, 22, '55.00', 1, ''),
(361, 104, 30, '40.00', 1, ''),
(362, 104, 18, '55.00', 1, ''),
(363, 104, 19, '35.00', 1, ''),
(364, 104, 34, '100.00', 1, ''),
(365, 104, 35, '120.00', 1, ''),
(366, 104, 32, '30.00', 1, ''),
(367, 105, 1, '111.00', 1, '');

-- --------------------------------------------------------

--
-- 表的结构 `cloud_org`
--

CREATE TABLE `cloud_org` (
  `id` int(12) NOT NULL,
  `org_name` varchar(64) NOT NULL COMMENT '机构名称',
  `org_scale` int(1) NOT NULL COMMENT '1->100；2->100-500；3：500+',
  `org_code` varchar(32) NOT NULL COMMENT '组织机构代码',
  `org_legal_person` varchar(32) NOT NULL COMMENT '法人',
  `org_legal_person_code` varchar(32) NOT NULL,
  `org_buss_code` varchar(32) NOT NULL COMMENT '工商登记编号',
  `org_add_time` varchar(10) NOT NULL COMMENT '添加时间',
  `org_menu_version` int(11) NOT NULL COMMENT '菜谱更新的时间戳',
  `is_delete` int(1) NOT NULL DEFAULT '0'
) ENGINE=InnoDB DEFAULT CHARSET=utf8;

--
-- 转存表中的数据 `cloud_org`
--

INSERT INTO `cloud_org` (`id`, `org_name`, `org_scale`, `org_code`, `org_legal_person`, `org_legal_person_code`, `org_buss_code`, `org_add_time`, `org_menu_version`, `is_delete`) VALUES
(0, '超级管理员', 1, '0', '0', '0', '0', '0', 0, 0),
(2, '必胜客集团', 3, '3927371827345', '张三', '378989199008023221', '12398491832', '0', 1504682332, 0),
(4, '肯德基集团', 3, '3927371827', '张三', '378989199308023221', '123984918322', '0', 0, 0),
(6, '天客隆', 3, '1948091371749012', '王五', '370983199004037464', '930248019384091', '1492502738', 0, 0),
(7, '京客隆', 3, '2130921083', '张三三', '123908901283902321', '32119381023', '', 0, 0),
(8, '肯德基111', 3, '121', '12', '21', '123213', '', 0, 0);

-- --------------------------------------------------------

--
-- 表的结构 `cloud_setting`
--

CREATE TABLE `cloud_setting` (
  `k` varchar(100) NOT NULL COMMENT '变量',
  `v` varchar(255) NOT NULL COMMENT '值',
  `type` tinyint(1) NOT NULL COMMENT '0系统，1自定义',
  `name` varchar(255) NOT NULL COMMENT '说明'
) ENGINE=MyISAM DEFAULT CHARSET=utf8;

--
-- 转存表中的数据 `cloud_setting`
--

INSERT INTO `cloud_setting` (`k`, `v`, `type`, `name`) VALUES
('sitename', '智能点餐系统云端管理平台', 0, ''),
('title', '云端管理平台', 0, ''),
('keywords', '关键词', 0, ''),
('description', '网站描述', 0, ''),
('footer', '2016©北京工业大学', 0, ''),
('test', '测试', 1, '测试变量');

--
-- Indexes for dumped tables
--

--
-- Indexes for table `cloud_article`
--
ALTER TABLE `cloud_article`
  ADD PRIMARY KEY (`aid`),
  ADD KEY `sid` (`sid`);

--
-- Indexes for table `cloud_auth_group`
--
ALTER TABLE `cloud_auth_group`
  ADD PRIMARY KEY (`id`);

--
-- Indexes for table `cloud_auth_group_access`
--
ALTER TABLE `cloud_auth_group_access`
  ADD UNIQUE KEY `uid_group_id` (`uid`,`group_id`),
  ADD KEY `uid` (`uid`),
  ADD KEY `group_id` (`group_id`);

--
-- Indexes for table `cloud_auth_rule`
--
ALTER TABLE `cloud_auth_rule`
  ADD PRIMARY KEY (`id`);

--
-- Indexes for table `cloud_category`
--
ALTER TABLE `cloud_category`
  ADD PRIMARY KEY (`id`),
  ADD KEY `fsid` (`pid`);

--
-- Indexes for table `cloud_cook_menu`
--
ALTER TABLE `cloud_cook_menu`
  ADD PRIMARY KEY (`id`);

--
-- Indexes for table `cloud_cook_style`
--
ALTER TABLE `cloud_cook_style`
  ADD PRIMARY KEY (`id`);

--
-- Indexes for table `cloud_devlog`
--
ALTER TABLE `cloud_devlog`
  ADD PRIMARY KEY (`id`);

--
-- Indexes for table `cloud_flash`
--
ALTER TABLE `cloud_flash`
  ADD PRIMARY KEY (`id`),
  ADD KEY `o` (`o`);

--
-- Indexes for table `cloud_hotel`
--
ALTER TABLE `cloud_hotel`
  ADD PRIMARY KEY (`id`);

--
-- Indexes for table `cloud_links`
--
ALTER TABLE `cloud_links`
  ADD PRIMARY KEY (`id`),
  ADD KEY `o` (`o`);

--
-- Indexes for table `cloud_log`
--
ALTER TABLE `cloud_log`
  ADD PRIMARY KEY (`id`);

--
-- Indexes for table `cloud_member`
--
ALTER TABLE `cloud_member`
  ADD PRIMARY KEY (`uid`);

--
-- Indexes for table `cloud_menu_version`
--
ALTER TABLE `cloud_menu_version`
  ADD PRIMARY KEY (`id`);

--
-- Indexes for table `cloud_order`
--
ALTER TABLE `cloud_order`
  ADD PRIMARY KEY (`id`),
  ADD KEY `id` (`id`);

--
-- Indexes for table `cloud_order_sub`
--
ALTER TABLE `cloud_order_sub`
  ADD PRIMARY KEY (`id`);

--
-- Indexes for table `cloud_org`
--
ALTER TABLE `cloud_org`
  ADD PRIMARY KEY (`id`),
  ADD UNIQUE KEY `org_legal_person_code` (`org_legal_person_code`),
  ADD UNIQUE KEY `org_code` (`org_code`),
  ADD UNIQUE KEY `org_buss_code` (`org_buss_code`),
  ADD UNIQUE KEY `org_name` (`org_name`);

--
-- Indexes for table `cloud_setting`
--
ALTER TABLE `cloud_setting`
  ADD PRIMARY KEY (`k`),
  ADD KEY `k` (`k`);

--
-- 在导出的表使用AUTO_INCREMENT
--

--
-- 使用表AUTO_INCREMENT `cloud_article`
--
ALTER TABLE `cloud_article`
  MODIFY `aid` int(11) NOT NULL AUTO_INCREMENT;
--
-- 使用表AUTO_INCREMENT `cloud_auth_group`
--
ALTER TABLE `cloud_auth_group`
  MODIFY `id` mediumint(8) UNSIGNED NOT NULL AUTO_INCREMENT, AUTO_INCREMENT=10;
--
-- 使用表AUTO_INCREMENT `cloud_auth_rule`
--
ALTER TABLE `cloud_auth_rule`
  MODIFY `id` int(11) NOT NULL AUTO_INCREMENT, AUTO_INCREMENT=100;
--
-- 使用表AUTO_INCREMENT `cloud_category`
--
ALTER TABLE `cloud_category`
  MODIFY `id` int(11) NOT NULL AUTO_INCREMENT, AUTO_INCREMENT=36;
--
-- 使用表AUTO_INCREMENT `cloud_cook_menu`
--
ALTER TABLE `cloud_cook_menu`
  MODIFY `id` int(12) NOT NULL AUTO_INCREMENT, AUTO_INCREMENT=30;
--
-- 使用表AUTO_INCREMENT `cloud_cook_style`
--
ALTER TABLE `cloud_cook_style`
  MODIFY `id` int(12) NOT NULL AUTO_INCREMENT, AUTO_INCREMENT=9;
--
-- 使用表AUTO_INCREMENT `cloud_devlog`
--
ALTER TABLE `cloud_devlog`
  MODIFY `id` int(11) NOT NULL AUTO_INCREMENT, AUTO_INCREMENT=3;
--
-- 使用表AUTO_INCREMENT `cloud_flash`
--
ALTER TABLE `cloud_flash`
  MODIFY `id` int(11) NOT NULL AUTO_INCREMENT;
--
-- 使用表AUTO_INCREMENT `cloud_hotel`
--
ALTER TABLE `cloud_hotel`
  MODIFY `id` int(11) NOT NULL AUTO_INCREMENT, AUTO_INCREMENT=15;
--
-- 使用表AUTO_INCREMENT `cloud_links`
--
ALTER TABLE `cloud_links`
  MODIFY `id` int(11) NOT NULL AUTO_INCREMENT;
--
-- 使用表AUTO_INCREMENT `cloud_log`
--
ALTER TABLE `cloud_log`
  MODIFY `id` int(11) NOT NULL AUTO_INCREMENT, AUTO_INCREMENT=224;
--
-- 使用表AUTO_INCREMENT `cloud_member`
--
ALTER TABLE `cloud_member`
  MODIFY `uid` int(11) NOT NULL AUTO_INCREMENT, AUTO_INCREMENT=8;
--
-- 使用表AUTO_INCREMENT `cloud_menu_version`
--
ALTER TABLE `cloud_menu_version`
  MODIFY `id` int(12) NOT NULL AUTO_INCREMENT;
--
-- 使用表AUTO_INCREMENT `cloud_order`
--
ALTER TABLE `cloud_order`
  MODIFY `id` int(11) NOT NULL AUTO_INCREMENT, AUTO_INCREMENT=106;
--
-- 使用表AUTO_INCREMENT `cloud_order_sub`
--
ALTER TABLE `cloud_order_sub`
  MODIFY `id` int(11) NOT NULL AUTO_INCREMENT, AUTO_INCREMENT=368;
--
-- 使用表AUTO_INCREMENT `cloud_org`
--
ALTER TABLE `cloud_org`
  MODIFY `id` int(12) NOT NULL AUTO_INCREMENT, AUTO_INCREMENT=9;
/*!40101 SET CHARACTER_SET_CLIENT=@OLD_CHARACTER_SET_CLIENT */;
/*!40101 SET CHARACTER_SET_RESULTS=@OLD_CHARACTER_SET_RESULTS */;
/*!40101 SET COLLATION_CONNECTION=@OLD_COLLATION_CONNECTION */;
